EWO,Data_de_abertura,Hora_de_abertura,Maquina,Problema,TTR_min,Descricao_Intervencao
000200672311,2019-10-22,02:21,I,Robô fora de passo devido a falta e memória,17.0,
000200675704,2019-11-25,10:37,D,​TP nao estava funcionando.  Tempo tota,209.0,"Foi realizada a substituição do TP.
O TP substituído que foi substituído apresentou problemas durante o manuseio, (erro na chave seletora). 
Um outro TP foi pego no boxe de manutenção e realizada uma nova substituição."
000200678719,2019-12-20,20:50,A,colisa na pega da ossatura 226 no baffercolisa na pega da ossatura 226 no baffer danificando a base do sensorsq03.,12.0,Entrar em contato com o Manutentor (Mário)
000200678966,2019-12-24,01:01,C,ROBO EM CURTO PRECISANDO FAZER A TROCA D,15.0,
000200680092,2020-01-17,20:25,H,"comunicação fieldbus não ok, nó profinet em anomalia.​",12.0,Reaslizado CCRC e retomada a comunicação
000200680094,2020-01-17,23:17,H,comunicação fieldbus não ok​,41.0,foi feito um restart cold no robo e inserido o mesmo no passo
000200681510,2020-01-24,19:28,H,Robô 60r04 perda comunicação do TP com o controlador.,45.0,"-FOI FEITO UM RESTART COLD, QUANDO O ROBO REINICIOU  ELE VOLTOU SEM O TURN SET.
-FOI FEITO O TURN SET E LIBERADO O ROBO NO PASSO"
000200681428,2020-01-30,00:34,H,falha de comunicação do terminal com o controlador​,0.0,
000200681610,2020-01-31,00:50,H,TUCKER EM ANOMALIA FALHA NA APLICAÇAO DO PINO M5 NA OSSATURA 521.​,66.0,FOI FEITO AJUSTE DA TRAJETÓRIA DA PEÇA PARA A PISTOLA
000200681573,2020-01-31,00:57,H,ROBO 60R04 TIME-OUT OM FORA DE INTERFERENCIA DA TUCKER.,12.0,FOI MODIFICADO O SINAL A ON PARA QUE A LINHA PUDESSE RODAR
000200681721,2020-01-31,19:35,H,robo 60r04 comunicação fielbus nao ok.​,26.0,"Foi desligado o controlador, restabelecido os sinais da célula e liberado a linha para produçãp."
000200681656,2020-01-31,22:59,H,robo 60r04 falha na comunicação fielbusnão ok.​,28.0,foi feito um restart cold no robo e inserido o mesmo no passo
000200681718,2020-02-01,04:11,D,"Colisão do robô 05r01, na pega do montante c 226, na op05, no tubular 02, da OFD.​ Inicio da parada 01:54, final da parada 02:07, totalizando 13min.  Manutentor da área: Jonas. Esta EWO foi aberta pelo Condutor do terceiro turno Jailton (matricula 98445). no dia 01/02/2020.",36.0,
000200691403,2020-02-04,06:10,D,"Por um erro operacional do condutor daOFD, a ossatura 521 caiu do apc05, após confirmação da falha de presença de elemento, no deposito do robô05r01. Esta EWO foi abertapelo condutor da OFD(matricula 98445), no dia 04/02/20. parou de 5:31, voltando de 05:49, e parou novamente de 05:51 e voltou de 05:54.​ No total de 21min. de linha parada.",23.0,Peca mal posicionada.
000200682396,2020-02-05,15:27,E,Robô 15R01 em alarme de Valor 8 do identificador do gripe e incongruente com o indice ',10.0,
000200682533,2020-02-07,07:45,A,"Robo gerou uma falha de presença no montante C 551 condutor ao executar o problema o TP do robo 05r01 se desligou gerando ​falha nas conexções para o terminal e acabou que a ossatura em si entrou em alarme.   PROFICIONAIS QUE ESTAVAM NO FATO OCORRIDO  (Ronaldo robotista, Thiago, Jeane manutençaõ)",15.0,Robo perde sinal elemento.
000200682700,2020-02-07,22:14,H,robo 60r04 falha na unidade de controle. anomalia comunicação de rede.​,12.0,"DESLIGAR E LIGAR O PAINEL ELÉTRICO DO ROBÔ, FAZENDO REINICIÁ-LO.
APÓS ISSO, FOI PERDIDOS OS DADOS DO PASSO DO ROBÔ, ONDE O SOFTWARE FEZ O PROCESSO DE COLOCAR NO PASSO JUNTO COM OS COMADOS DE SINAIS DO TP"
000200682698,2020-02-10,00:07,E,"robo15R2 fora do passo, ocasionando o não giro da mesa giratoria da op:10 para liberação de carregamento. inicio da quebra:23:30 termino da quebra:23:50 manutentor que feza intervenção: Geovane SW",20.0,
000200682657,2020-02-10,00:28,J,Robô 85R02 sem liberação para depósito do gripper na mesa geométrica devido a peças fora de sequencia.  Tempo: 10min (00:00 as 00:10)  Manutentor: Geovane sw  Condutor: Caio Ernandes,10.0,
000200683447,2020-02-14,23:19,H,Robô 60r04 falha na unidade de controlecom a unidade de programação final​,36.0,
000200683906,2020-02-21,20:00,H,anomalia na unidade de comunicação do robô 60r04.​,46.0,"foi feito um restar cold no robo, mais quando o mesmo religou perdeu a comunicaçao novamente.
foi feito outro restart cold e inserido o robo no passo devido ao mesmo ter perdido a posiçao e todos os sinais"
000200685025,2020-03-09,13:57,D,Robo 05r01 não partiu para depositar peça no pallet​  Tempo total de parada 20 minutos  manutentor saulo que atuou.,20.0,
000200685138,2020-03-10,15:06,J,mariagem do robo 85r1 estava desajustada quando fazia união com o robo 95r1. ocasionado perca de revestimento.,40.0,
000200685164,2020-03-10,15:06,J,mariagem do robo 85r1 estava desajustada quando fazia união com o robo 95r1. ocasionado perca de revestimento.,36.0,
000200685166,2020-03-10,15:31,F,"ossatura modelo 521 fora de posição, robo 40r01 deposito na mesa t01 op50.​",37.0,ajuste no gripper do robo.
000200685728,2020-03-13,23:49,H,robô 60r04 falha de comunicaçao na unidade de controle com a unidade da programação final.​,36.0,FEITO UM REST NO ROBO
000200685941,2020-03-16,15:12,J,Robõ 85r02 tool não desbloqueado. inicio 8:49 as 10:38 total 1 hora e 50 minutos manutentor tubinha e claudemir atuou condutor (rafael),110.0,
000200687329,2020-05-20,05:16,E,robo 15r2 sem liberação para retirada do gripper da mesa devido a interferencia com giro da mesa inicio :04:45 termino 05:00 manutentor jeferson,15.0,
000200688702,2020-06-11,01:58,G,Robô com falha de TOOL NÃO DESBLOQUEADO Inicio: 01:33  Témino: 01:48  Manutentor: Diego Assistncia: Evandro (RB),15.0,bucha do pino do tool tchange ​ estava saindo do gripper foi necessário bater para encaixar o mesmo e colocar a linha no passo
000200688679,2020-06-11,05:32,I,robo 15r01 ao realizar o deposito na mesa geometrica da op:20 modelo 226 a manopla do reforço da dobradiça inferior estava colidindo com o cilindro da mesa geometrica.  inicio da quebra:04:38 termino: 05:00 total de parada:22 minutos,22.0,
000200689506,2020-06-25,16:33,I,AJUSTE DA TRAGETÓRIA NO DEPOSITO E PEGADA FERRAMENTA LADO A E B DA MESA MANUTENTO: JOSÉ.,0.0,
000200689476,2020-06-25,21:40,I,FALHA NA CONEXÃO DO ROBO 015R01 COM A FERRAMENTA G201 LADO A MANUTENTOR JOSE.​,0.0,
000200690487,2020-07-14,13:37,I,Robô colidiu com a peça do modelo 521 na mesa geométrica.,0.0,Retirado o robô da área de colisão e restabelecido o ciclo da célula.
000200691918,2020-07-25,03:19,D,"Colisão​ do robô 05r01, no deposito domontante c, no apc005. Início da parada: 01:29 Fim: 01:59, totalizando 30minutos. Esta EWO foi aberta pelo condutor da OFD, no terceiro turno Jailton(matr. 98445).",30.0,
628335,2020-07-29,00:26,B,Rompimento da protecao do umbilical do robo 60r05.​,132.0,
000200692491,2020-07-29,02:10,B,​FALHA NO MOMENTO DO PASSA MANO ENTRE OS ROBÔ'S 60R5 E 60R9 GRIPPER 01 SEQUENCIA 04  INICIO: 01:44:00 TERMINO: 02:03:00 TOTAL:19 MINUTOS  MANUTENTOR : JEFERSON GABRIEL   EWO ABERTA POR: ARTUR ESTEVAM (105078),19.0,
000200692820,2020-07-30,18:56,H,robo 60r04 tool nao desbloqueado.,10.0,FEITO O DEPOSITO EM MANUAL
675975,2020-08-21,01:10,C,​ger id 60 nao conectado robo 15 r1 na op. 10  inicio 00:50 a 01: 09 total 19mfalha acompanhada pelo manutentor Diego,19.0,
683496,2020-08-26,05:59,B,STOP LOCAL CYCLEINICIO: 05:04:00TERMINO: 05:17:00TOTAL: 13 MINUTOSMANUTENTOR: MARIO JR. JEFERSON GABRIEL ​,13.0,
000200696844,2020-08-31,09:08,J,Robõ 85r02 Tool em Flange com Tool Cheio. inicio da parada 7:48 término 8:57 total 1 hora e 9 minutos. manutentor que atuaram tubinha e kai kai,69.0,
000200697580,2020-09-07,05:08,E,robo 15 r01 fora da posição de desbloqueio na op15 modelo 226 lado b  manutentor que atuou: Evandro robotista  inicio:20:30 termino 21:00 total: 30 minutos,30.0,
703004,2020-09-08,03:38,E,alarme no robo 15r01 de circuitos internos controle de alimentaçãoManutentor que atuou Jerfeson e Dolglas Robotistainicio:02:26 termino: 03:19 total: 53 min,53.0,
704474,2020-09-09,05:09,A,ROBÔ 05R1 NÃO PARTIU PARA O DEPOSITO NO TRANSPORTE AÉREO INICIO: 03:23:00TÉRMINO: 03:35:00TOTAL: 12 MINUTOSMANUTENTOR: ANDRE FRANSCISCOEWO ABERTA POR: ARTUR ESTEVAM (105078)​,12.0,
000200697863,2020-09-09,06:59,E,Griper do ​Robô15r02 colidiu com eixo 1do próprio robô em automático. manutenção atuando com Lucas Falcão,0.0,
000200698304,2020-09-12,05:12,C,"robo15r1 com falha Tool Changer nao Conectado na troca do gripper do modelo 551 para 226 inicio 04:20 as 04:40 manutentor: Ismael, Evandro (Robotista) e Marlon (Software)",20.0,
000200698564,2020-09-14,22:24,C,chaveta de acoplamento danificada no momento do deposito do gripr robo 15r1 op.10      horario 19:26 a 19:40 total de 15 minutos  manutentor sergio,14.0,
000200698606,2020-09-15,04:54,C,"Robô em alarme de tool não desbloqueadadurante troca de gripper.  Tempo: 15min (03:45 as 04:00)  Manutentores: Lucas mecanico, Lucas robotista",15.0,
000200698744,2020-09-15,22:45,C,robo 15 R1 gerando falha no momento do deposito do griper modelo 551 OP. 10 chaveta de segurana danificada manutentor rafael e sergio                                inicio20:40 a 21:00 total de 20m,20.0,
000200699511,2020-09-21,15:18,C,"Linha PPS parada com falha na Op010 no momento da troca de modelo 226 Robô15r01 no momento do depósito dando falha de Tool não desblocado. manutenção atuando com Claudemir, Alleson, e Fábio",30.0,
000200699679,2020-09-22,17:28,C,robo 15r1 gerando falha no momento do deposito do griper modelo 521 op. 10 chaveta de segurança danificada                                                         tempo 16:24 a 16:44 total 20 m                                                manutentor rafael,20.0,verificado que a chaveta de segurança estava danificada e foi substituida.
000200699988,2020-09-24,18:28,B,robô 60r05 colisão durante aplicação dopino tucker.,0.0,"FOI VERIFICADO QUE A PEÇA ESTAVA FORA DE POSIÇÃO NO GRIPPER, GRAMPOS FORAM ABERTOS, PEÇA RE POSICIONADA NO GRIPPER E APLICAÇÃO REFEITA"
000200700014,2020-09-24,22:17,B,estação.60 robô 60r05 falha no passa mano com o robô 60r09 peça fora de posição.,0.0,
741470,2020-10-03,22:41,I,TOOL não desbloqueado $IN [422] = OFFmanutentor rafael. 22:12 as 22:2210minutos.,10.0,
000200702049,2020-10-10,15:35,D,Robô 05R01 depositou ossatura M521 forade posição no pallet do transporte 05PC01,0.0,
754861,2020-10-14,02:56,B,"ofs inicio as 02:11, robo 60r05 com falha de soldagem nao efetuada por timeout fk do cabecote, logo apos entrou em falha de falha de fault of home, logo apos voltou a falha de soldagem nao efetuada por timeout fk do cabecote, foi necessario o desligamento da maquina tucker. evandro atuou, teve fim as 02:36.",25.0," - FEITO A LIMPEZA DA ÁREA DE CONTATO, KO.
 - FEITO  A SOLDA MANUAL DE OUTROS PONTOS, KO
 - VERIFICADO ATERRAMENTO, PATA DE APOIO, PERPENDICULARIDADE, OK
 - FOI FEITO O DESLIGAMENTO DO EQUIPAMENTO, PINO NOVO NO BICO DA PISTOLA E FEITO EM MANUAL.

LINHA LIBERADA EM SEGUIDA"
000200702344,2020-10-15,01:47,F,QUEDA DAS PEÇAS NA OP40 PELO ROBÔ 40R1 INICIO: 00:50 TÉRMINO: 01:22:00 TOTAL: 32 MINUTOS  MANUTENTOR: MARIO JR. THIAGO COMAU  EWO ABERTA POR: ARTUR ESTEVAM (105078),32.0,"Inseridas com as mãos a ossatura posterior 226 no gripper do robô, deposito em manual na OP50 mesa T07. Peça ficou fora de posição e perdeu 2 presenças. Após retirar o robô em manual da mesa, ajustado as peças nos pinos de referencia. 
depois colocado robô e mesa no passo, falha no trommel1.
pino de referencia  C02 travado, não retornava a repouso, que foi possivel fazer após desligar o ar. 
depois o SW colocou no passo!"
756587,2020-10-15,04:06,F,ROBÔ 40R1 FERRAMENTA NÃO NO FLANGEINICIO: 03:06:00TÉRMINO: 03:24:00TOTAL: 18 MINUTOSMUTENTOR: MARIO JR. THIAGO (COMAU)EVANDRO RB. MARLON ( ELETRICISTA )EWO ABERTA POR: ARTUR ESTEVAM (105078),18.0,Foi retirado o cabo e forçado o sinal para estar sempre on. Sinal [423].
000200702394,2020-10-15,16:47,J,robo 85R02 FALHA NA COMUNICAÇÃO TOOL CHANGER.              INICIO 16:08 a 16:38. jose manutenção atuol na intervençao,30.0,Retirado o robô em manual e feito a limpeza do toolchange com limpa contato e reapertado os cabos profibus.
759515,2020-10-17,03:39,A,ROBÔ NÃO PARTIU PARA O DEPÓSITO NO TRANSPORTE AÉREO APCINICIO: 03:22:00TÉRMINO: 03:32:00TOTAL:10 MINUTOS MANUTENTOR; MARIO JR. - EMERSONEWO ABERTA POR: ARTUR ESTAVAM (105078),10.0,"Houve uma colisão no momento da pega do rack 1, Voltamos o robô em manual, corrigimos a peça lendo a linha em automatico e com a velocidade de 20% após sair do rack, colocamos em 100% ao chegar uma linha antes do programa de deposito do transporte, e robô parou.
no SW verificado que foi falha de IFL. Colocou o no passo e liberou."
000200702985,2020-10-20,16:49,G,Robô 02R01 depositando o scontrino na operção 02 fora de posição,24.0,"Foi verificado que o o griper do robô estava com folga, deixando a peça sair de posição, além do depósito necessitar de ajuste de trajetória. Foi realizado o ajuste mecânico para retirar a folga do griper e o ajuste de trajetória de depósito."
000200703863,2020-10-27,00:19,I,ROBÔ 15R1 FALHA COMUNICAÇÃO PROFIBUS.,30.0,Foi desconectado o cabo feito a limpeza com limpa contato
000200704159,2020-10-28,14:37,I,Colisão entre gripper do robô e mesa desolda op 60,0.0,
000200704251,2020-10-29,05:47,J,"Robô 85R02 em alarme de GEO-ID não conectado durante a pega do gripper modelo 226.  Manutentores: Ismael, Tales  Tempo:18min (02:10 as 02:28)",18.0,
000200704974,2020-11-04,10:38,B,Robo 60R05 depositando a peça fora de posição no trommel 1 M521/M226Inicio:09:50Final:10:10Total:20minObs: Linha rodava até chegar o proximo modelo.Damiano Robotica atuou,20.0,
000200705705,2020-11-10,06:01,F,ROBÔ 40R1 - GRIPPER 02 SEQUÊNCIA 03 NÃO ESTÁ ABERTA  INICIO: 05:17:00 TÉRMINO: 05:48:00 TOTAL: 31 MINUTOS  MANUTENTOR: MARIO JR. MAICON RB. MARLON SW  EWO ABERTA POR: ARTUR ESTEVAM (105078),31.0,"- FEITO A TENTATIVA PELO PINO QUE LIBERA A LEVA, TENTANTIVA KO;
-DESCONECTAMOS UMA DAS MANGUEIRAS DE AR, TENTANTIVA KO;
- FOI FEITA A DESPRESSURIZAÇÃO DA LINHA, BATI COM A POIO DE UMA MADEIRA NA LEVA E ABERTO A SEQUENCIA QUE RESTAVA.
- LIGADO O AR E AGUARDADO O TEMPO PARA RESTABELECER, O ROBÔ 40R01, ENTROU EM FALHA E NÃO PARTIU PARA A PEGA DE OUTRA PEÇA;
- FOI ACIONADO O SOFTWARE E VERIFICOU AS CONDIÇÕES DA LINHA, QUE DEVIDO A DESPRESSURIZAÇÃO ENTROU EM FALHA NO ROBÔ. FOI COLOCADO NO PASSO E LIBERADO ."
000200705885,2020-11-11,05:21,B,ROBÔ 60R5 EM ENGAGE ZONE COM O 60R2  INICIO: 04:40:00 TÉRMINO: 04:56:00 TOTAL:16 MINUTOS  MANUTENTOR DA ÁREA: ANDRÉ - MALON SW. EVANDRO RB.  EWO ABERTA POR: ARTUR ESTEVAM(105078),16.0,
000200706453,2020-11-15,22:11,B,ROBÔ 60R5 NÃO ESTA NA POSIÇÃO CORRETA PARA A APLICAÇÃO DO PINO TUCKER M5  INICIO: 20:55:00 TÉRMINO: 21:05:00 TOTAL: 10 MINUTOS  MANUTENTOR: DIEGO - LUIZ   EWO ABERTA POR:ARTUR ESTEVAM (105078),10.0,
000200706650,2020-11-17,01:12,H,"robo 60r04 falha na troca de ferramenta,colisão durande movimento de deposito.",29.0,retirado a colisão ajustado o sensor de segurança
000200707366,2020-11-21,23:18,F,"Robô 40r01 falha na pega da ossatura 226 na mesa t01 gripper fechando fora da peca, em seguida o robô 40r01 ao depositar a peca na mesa da st.50 mesa t07 226 gerava alarme de gripper nao aberto. manutentor: Nilson e Vicente ( Jeep ), Ermeson ( assistencia ) Hora:18:25 as 18:35, 19:04 as 19:16. total: 22min",22.0,"Griper ficando preso na peça durante a abertura. Foi retirado as folgas dos gripers, porém, foi observado que a falha persistia na mesa T01 do modelo 226, durante a pega da peça na mesa 40T01. Verificamos que a pega nesta mesma, estava com um gap muito grande, que se tornou mais evidente após tirarmos as folas dos gripers. O Roboista foi chamado para realizar o ajuste de pega e a linha foi liberada em seguida."
000200707370,2020-11-23,03:17,A,ROBÔ 05R1 - COLISÃO NO EIXO 05  INICIO: 02:14:00 TÉRMINO:02:29:00 TOTAL: 15 MINUTOS  MANUTENTOR: ANDRÉ FRANCISCO - EVANDRO RB  EWO ABERTA POR: ARTUR ESTEVAM (105078),15.0,
000200707522,2020-11-24,05:22,B,FALHA NO MOMENTO DA APLICAÇÃO DO PINO M5  INICIO: 04:16:00 TÉRMINO:05:06:00 TOTAL: 50 MINUTOS  MANUTENTOR: ANDRÉ FRANCISCO - ROBÉRIO  EWO ABERTA POR: ARTUR ESTEVAM (105078),50.0,"VERIFICAMOS O ALIMENTADOR, CABOS, ATERRAMENTO, PISTOLA, RESETAMOS O GERADOR E RODOU VÁRIAS PEÇAS. DEPOIS VOLTOU A GERAR FALHA. A LINHA ESTAVA RODANDO MAS NA HORA DA APLICAÇÃO DO PINO M5 O ROBOTISTA PULAVA O PINO, SÓ APLICANDO M6. NO FINAL, VERIFICAMOS O DISTRIBUIDOR, O MESMO ESTAVA OBSTRUÍDO. RETIRAMOS O PINO QUE ESTAVA TRAVANDO E A LINHA VOLTOU A RODAR."
000200707601,2020-11-24,15:15,A,apos colisao no robo 05r01 o pino guia acabou danificando devido a peça que estava fora de posiçao. Apos 44mn a linha foi liberada,44.0,AJUSTE DAS PEÇAS NO TUBULAR
000200707819,2020-11-27,00:52,J,"GEO ID NÃO CONECTADO CABO PROF BASS PERDENDO SINAL NO DEPOSITO DO GRIPPER 226. TEMPO INICIAL 19 :00 A 19:30. LUIZ MANUTENÇÃO RONALDO ROBOTISTA ,JONAS ELETRICISTA . TEMPO TOLTAL 30 MINUTOS.",30.0,SUBSTITUIDO MÓDULO (CABEÇA DE REDE SMC)
000200708116,2020-11-30,05:33,F,"robo batendo na leva do cilindro 05c01o mesmo estava tirando a peça de posiçao no momento da saida da mesa T01,modelo 521  inicio 01:30 termino 02:00  manutençao: andre,evandro,edimilson",30.0,"Foi modificado o sub-level 3c01 para fica a trabalho direto, ajustado a trajetória do robô , tirado uma leva do cilindro e modificado uma sequencia de fechamento antes do robô sair do deposito,."
000200708262,2020-12-01,05:43,J,"Alarme Geo Id não conectado, durante pega do griper Mod. 551 (lado A) Inicio as 03:00 as 03:27 Manuteção:ismael,tales (Assist. Robo GME)",27.0,"Foi observado que o conector elétrico macho (gripper) e fêmea (Robô) estavam sujos; Além disso a solenoide VD02 estava folgada. Após Robotista liberar em manual, fizemos a limpeza dos conectores e fixação do solenoide."
000200708302,2020-12-01,05:49,F,OP. 40 ROBÔ 40R1 COLISÃO NO EIXO 05 NOMOMENTO DA PEGA DA MESA T01 (521)  INICIO 03:44:00 TÉRMINO 03:58:00 TOTAL 14 MINUTOS  EWO ABERTA POR: ARTUR ESTEVAM (105078),14.0,
000200708328,2020-12-01,14:48,J,Tool não conectado lado A do modelo 551.,0.0,
000200708553,2020-12-03,23:48,J,ROBÔ 085R02 AO REALIZAR A TROCA DE FERRAMENTA O MESMO ESTA DANDO FERRAMENTA NÃO CONECTADA.  MANUTENTOR: SERGIO E RAFAEL  INICIO: 23:30  FIM: 23:47  TOTAL:17,17.0,Realizado a troca em manual
831476,2020-12-04,04:43,J,"Falha Geo-id não conectado (modelo 551) lado da mesa AManutenção: Evandro (Assistência Robótica), tales (Assistência Robótica GME) e Ismael. Inicio as 04:05 as 04:20",15.0,"Mesmo após realizando diversas limpezas a falha continuava ocorrendo. Logo, a produção liberou para bypassar lado A até mudar de modelo.

OBS.: Devido falha ser cronica é necessário programar intervenção da manutenção.  "
000200708690,2020-12-05,04:34,C,robo 15r1 ao depositar na op 10 danificou a chaveta de segurança modelo 551 inicio 04:15 as 04:50 manutentor :lucas    obs:condutor eliel 92973,35.0,foi retirado o robô danificado da posição de pega do gripper e substituído a chaveta
000200708724,2020-12-05,05:11,J,"falha na troca de ferramenta do robo 85R02 modelo 551 alarme geo id não conectado inicio as 04:45 as 05:03 manutenção, robotica tales",18.0,Foi retirado o robô em manual onde o mesmo estava realizando a pega da ferramenta 551 e feito a limpeza na entrada do acoplamento do gripper.
000200708774,2020-12-07,00:43,F,"REALIZADO AJUSTES NA PEGA DO ROBO 40R1,NA MESA T01 (521)  INICIO: 22:45:00 TÉRMINO: 23:25:00 TOTAL: MINUTOS  MANUTENTOR: EVANDRO - MAICKEL - RENATO TL - VICENTE   EWO ABERTA POR: ARTUR ESTEVAM (105078)",40.0,
837043,2020-12-08,04:46,G,"Tool não desbloqueado, falha causada pelo cabo multibus preso entre o sensor do TOOL e a chaveta de atuaçãoInicio: 01:22Termino: 01:50Responsaveis: André, Evandro(rb) e Marlon",28.0,
839103,2020-12-09,13:44,F,após liberação do 598 na op40 ao rodar o 551 na mesa t05 robô 40R01 acabou colidindo no griper do 598 que por si não estava a repouso. após 17mn a linha foi liberada.,17.0,
839116,2020-12-09,14:04,A,após colisão robô 05R01 o mesmo quebrou o sensor do cilindro do griper 2sq2. OBS: o robo foi fazer a pega do rack 521 vazio robotista da comau fez o trabalho em manual e acabou colidindo o robo no rack.,25.0,
839430,2020-12-10,00:19,B,falha na aplicação do tucker pois não chega no bico o pino.20 minutos paradomanutentor:luiz,20.0,"Foi verificado que o bico estava cheio de pino. Condutor, por falta de trinamento, não averiguou a condição do bico e ficou enviando mais pinos. Foram retirados os pinos e liberado a linha."
839453,2020-12-10,01:45,F,ROBÔ 40R1 DEPOSITOU FORA DE POSIÇÃO NA MESA T02 (521)INICIO: 01:09:00TÉRMINO: 01:33:00TOTAL: 22 MINUTOSMANUTENTOR: ANDRÉ FRANCISCO - MAICKEL RB. - LÉO SW. (TETRA)EWO ABERTA POR: ARTUR ESTEVAM (105078),24.0,
843478,2020-12-12,14:18,B,"robo 60r05 perdendo a presença do grier1 sq1 nas 2 trommel,após 26mn a linha foi liberada",26.0,"Foi identificado sensor que acusava não estar com presença de peça e ajustado fisicamente o mesmo, após isso liberado linha."
843502,2020-12-12,14:57,B,"bazuca do robô 60r05 enroscada no griper do mesmo gerando colisão na trajetória da aplicação dos pinos m5 e m6.após 33mn a linha foi liberada.atuantes carolina comau, rafael SeB JEFFERSON MANUTENÇÃO",33.0,"Foi retirada o enroscado do gripper, restaurado o corrugado na parte rasgada, recuperado a parte do ""trompete"",  colocado um novo ""donuts"" para que deslisasse na parte onde havia contato com o gripper, após isso, liberado a linha verificando os 3 modelos em baixa velocidade."
000200709372,2020-12-12,16:53,E,ROBO 15R02 TOOL NAO DESCONECTADO . MANUTENTOR JOSE GOMES . DE 15:50 AS 16:39,49.0,Foi trocada a chaveta de segurança da  mesa T04 que estava quebrada.
000200710417,2020-12-23,15:14,A,ERRO FATAL ROBÔ 05r01  inicio as 14:30ATUANTES: CAROLINA / WILLIAM / JEFFERSON / LUCAS rb,0.0,
000200710771,2020-12-29,17:36,A,"robo 05r01 colisao na pega do montantec 226 danificado o sensor do pino guia. manutentor: Clebson,Edson ( jeep ), Ermeson ( assistencia ) horario: 16:35 as 16:50 total: 15min",15.0,"ao verificar o robo 05R01 foi observado que o sensor do cilindro estava danificado,foi chamado robotista para baypassar o sensor ."
000200710962,2020-12-31,00:35,A,robo 05r01 colisao ao depositar a ossatura 521 no transprote palete n°12 manutentor: sergio (jeep) Maikel (assistencia) horario: 19:20 as 19:34 total: 14min,14.0,
000200711192,2021-01-05,23:22,B,CABO DO ROBO ENROLOU NO EIXO DANDO FALHA DE COLISÃO,16.0,
000200711415,2021-01-07,18:48,B,"Robô 60r05 colisão na pega da ossatura226 no gaveteiro de extração. manutentor: Clebson ( jeep ),Rafael ( assistencia ) horario: 18:01 as 18:19 total: 18min",18.0,SUBSTITUIÇÃO DA BAZOOKA LEONI
892467,2021-01-18,01:25,A,COLISÃO NO EIXO 03 NO MOMENTO DO DEPÓSITO NO BUFFETINICIO: 00:40:00TERMINO: 00:50:00TOTAL: 10 MINUTOSMANUTENTOR: MARIO JR. MAICON RB.EWO ABERTA POR: ARTUR ESTEVAM (105078),10.0,
000200712708,2021-01-19,23:31,D,COLISÃO NA PEGA DO MONTANTE C NO TUBULAR.  MANUTENÇÃO  CLEBERSON JEEP  EMERSON ASSISTENCIA.  INICIO 20:40 AS 20:55.,15.0,
000200712742,2021-01-19,23:40,D,AJUSTE NA TRAJETÓRIA DE DEPOSITO DA OSSATURA 521 NO TUBULAR.  MANUTENÇÃO  VICENTE JEEP  EMERSON ASSISTÊNCIA  INICIO 17:25 AS 17:50.,25.0,foi verificado que o controle de peça realizado pelos sensores estava sendo feito apenar por um sensor gerando mudança automática do contador que gerava colisão dai foi necessário melhorar o controle evitando novas ocorrências.
000200712899,2021-01-22,00:20,D,ROBO NÃO PARTIU PARA PEGA DO MONTANTE C    ESPERANDO EM D WAIT.  ROBO ESPERANDO SINAL MEMÓRIA DE PALLET.  INICIO  23:06 AS 23:21.,15.0,SINCRONISMO DOS DADOS REALIZADO PELO SOFTWARISTA DIRETAMENTE NO PLC
000200713597,2021-01-28,05:28,D,PERCA DE PRESENÇA NO MOMENTO DA PEGA DO BUFFET DO MONTANTE C (521)  INICIO: 04:40:00 TÉRMINO:04:57:00 TOTAL: 17 MINUTOS   MANUTENTOR: MARIO JR. - BRUNO RB. - MARLON SW. EWO ABERTA POR: ISAAC SOUZA (105090),17.0,
000200713700,2021-01-28,09:16,D,"Robo 5R01 perdeu a contagem do buffet interno, modelo 521Assistencia- Joel  Manutencao- Marcelo18 minutos de parada.",0.0,ATUALIZAÇÃO MANUAL DE DADOS NO PROGRAMA H_RACK
000200714025,2021-02-01,05:19,D,ROBÔ PERDEU A CONTAGEM NO MOMENTO DA PEGA DO MONTANTE C 551  INICIO: 03:38:00 TÉRMINO: 03:50:00 TOTAL: 12 MINUTOS  MANUTENTOR: BRUNO RB. - MAICON RB.  EWO ABERTA POR ISAAC SOUZA (105090),12.0,
000200714013,2021-02-01,05:21,C,"PPS : OP 010EWO :Início : 01:30Manutentores Responsáveis : lucas Mecânico , Evandro Robôtista E Marlon Softwarista .Descrição : Robô 015 R1 Não Partiu Para Realizar A Troca Do Gripper 521 Para O 551 .Final: 01:45",15.0,AJUSTE DA CHAVETA DE SEGURANÇA DO DESBLOQUEIO DO TOOL CHANGE
000200714771,2021-02-08,21:30,B,"robo 60r05 quebra do fusivel mecanico e empeno da base do sensor. manutentor: Arleson,Elias,Clebson ( jeep ) horario: 21:01 as 21:20 19min",19.0,"foi feito a substituição do fusivel mecanico quebrado (grip 01 m521) e recolocação, parcial, da proteção dos cabos da ""basuca""(cabos do griper"
000200714888,2021-02-09,00:17,B,"robo 60r05 alestimento preso no gripprgerando alarme de colisao manutentor: Arleson,Clebson ( jeep ) mailson ( assistencia ) horario: 23:51 as 00:10 total: 19min",19.0,SUBSTITUIÇÃO DA BAZOOKA LEONI
000200714884,2021-02-09,15:39,B,"cabo da bazuca do robo 60r05 ficando preso no tacelo gerando colisão no eixo 06apos 26mn a linha foi liberada.ATUANTES: Wilian, Jefferson, Leandro BZ.",26.0,SUBSTITUIÇÃO DA BAZOOKA LEONI
000200715328,2021-02-13,05:52,D,ROBO 05R01 APRESENTA FALHA ALARME DE APLICATIVO  INICIO:05:26 TERMINO:05:42 TEMPO TOTAL: 24min  MANUTENTOR RESPONSAVEL: MAICON RB,24.0,
000200716126,2021-02-20,08:49,A,"APÓS A PEGA DO M521 NO BUFFER O ROBÔ 05R01 FAZIA A PEGA DO MESMO FORA DA POSIÇÃO AO FAZER O DEPÓSITO NO TRANSPORTE AERIO O MESMO COLIDIA NOS PALLET's m521 GERANDO COLISÃOE GRANDE RISCO DE DESCARTE DA PEÇA, APÓS O AJUSTE NO AGA-RACK NA PEGA E DEPOSITO NO BUFFER O MESMO NÃO GEROU MAIS NENHUM TIPO DE COLISÃO. APÓS 23mn ROBOTISTA RAFAEL LIBEROL A LINHA.",23.0,TRABALHO DE RESTAURAÇÃO DE BASE; (REALIZADO NA W7)
000200716152,2021-02-22,04:26,F,ROBO 40R1 - DEPÓSITO FORA DE POSIÇÃO NA MESA T01  INICIO: 03:06:00 TÉRMINO: 03:28:00 TOTAL: 22 MINUTOS   MANUTENTOR: MAISON RB. - MARLON SW.   EWO ABERTA: ARTUR ESTEVAM (105078),22.0,"CRIAR PLANO PARA REALIZAR ATIVIDADES DE MECÂNICA, CONJUNTAS COM AS DE ROBÓTICA"
000200716863,2021-02-26,22:06,B,FALHA NO PASSA MONO DO ROBO O MESMO NÃOCHEGOU SINAL. 374,10.0,SUBSTITUIÇÃO DA BAZOOKA LEONI
958375,2021-03-05,05:53,I,"PLS OP20Início: 04:20Falha: robô 15R01 em alarme de colisão durante depósito na mesa 20T05 - Colisão com cilindro 005C01 (cilindro solto).Solução: retirada do robô em manual e recolocação do cilindro. Verificado que a saída do robô após depósito na mesa (lado B modelo 551) está deixando a peça fora de posição. Feito o bypass do lado.Final: 05:35Total: 1h15minManutentores: Evandro, Mailson, Casale",75.0,FIXAÇÃO DO CILINDRO QUE ESTAVA SOLTO
000200720027,2021-03-30,14:57,D,ROBO 05R01 PERDEU A CONTADOR NO DEPOSITO DO BAFFER  INICIO:07:40  TERMINO:07:53  TOTAL:13 MINOTOS  RESPONSAVEL; CARLOS E RAFAEL RB,13.0,INSERIDO O NÚMERO CORRETO DE PEÇAS NO APLICATIVO H-RACK
000200720375,2021-04-04,23:07,G,FPS Robô 02R01Inicio 22:35Descrição: tapo 551 perdendo a presença no momento da pega da mesa t05 e t06Solução: foi realizado ajuste de pega do robô e alterado a sequencia para chegar apos fechamento do gripper!Termino: 22:54Responsável: palliotaTempo total 14min,14.0,REALIZADO AJUSTE NA PEGA DO TAPO E ALTERADO A CHECAGEM DA PRESENÇA APOS O FECHAMENTO DOS GRAMPOS
000200720611,2021-04-06,23:27,E,ROBO 15R02 TOLL NAO CONECTADO.,,ALINHAMENTO DO TOOLCHNGE COM GABARITO WALTHER PRAZISION
000200720634,2021-04-06,23:49,G,GRIPPER 2 NÃO CONECTADO .APÓS FALHA DE PRESENÇA NO FONDELO 226.HORA INICIAL : 20:40HORA FINAL ;20:52ASSITENCIA : JOEL ROBOTICA,12.0,INSTALADO PROGRAMA AUTO-RESET E REVISÃO DO CIRCUITO DE BARREIRA DE LUZ
000200721886,2021-04-19,15:24,D,ROBO 05R01 PERDEU O CONTADOR DO RACK NA PEGA DO MONTANTE C m521. APÓS 25MN EM HORÁRIO DE REVEZAMENTO RONALDO ROBOTISTA LIBEROL A LINHA.,25.0,
000200721978,2021-04-20,14:47,D,ROBO 05R01 DEPOSITOU O MONTANTE C M521FORA DO PALLET   INICIO:09:10  TERMINO:09:25  TOTAL:15 MINUTOS   CARLOS ENRIQUE: NATANEL RB,15.0,
000200721979,2021-04-20,14:55,D,ROBO 05R01 PERDEU O CONTADOR NO DEPOSITO DO BAFFER MONTANTE C M521  INICIO:09:50  TERMINO:10:15  TOTAL:25 MINUTOS   RESPONSAVEL:NATANEL RB: CARLOS ENRIQUE,25.0,
000200722293,2021-04-23,04:52,F,INTERGE NÃO FOI INICIALIZADA   INICIO:03:10:00 TÉRMINO: 03:28:00 TOTAL: 18 MINUTOS  MANUTENTOR: EVANDRO RB. - THIAGO SW.  EWO ABERTA POR: ARTUR ESTEVAM (105078),18.0,
000200722559,2021-04-27,15:10,D,ROBO 05R01 PERDEU O CONTADOR COM O RACK M551  INICIO:11:49  TERMINO:12:10  TOTAL:21 MINUTOS  RESPONSAVEL:NATANEL,21.0,
000200723035,2021-05-02,20:03,G,Substituir allestimento completoApós colisão passado cabo profibus por fora. Precisa substituir oallestimeto.,,FOI SUBSTITUIDO O CORRUGADO E ADCIONADO UM DONUT
000200723440,2021-05-04,23:35,E,Robo 15r02 colidiu na peça em automatico o mesmo perdeu sustentaçao e caiu durante o giro entre a op.10 e op.20. ( Jose manutentor ) 30min.,30.0,foi retirado o robo em manual e desempenado um tasselo da mesa ( tesselo de apoio na parte superior da ossatura )
000200723405,2021-05-04,23:42,E,chaveta de segurança na mesa lado A modelo 551 danificada. ( jose manutentor ) 20min.,20.0,realizado o depósito em manual e ajustado a chaveta de segurança
000200723443,2021-05-04,23:49,E,ROBO 15R02 NO DEPOSITO DO GRIPPER NO MAGAZZINO MODELO 551 BAIXO O MESMO COLIDIO NA CHAVETA. 10MIN.,10.0,retirado a chaveta de segurança desempenado e liberado a linha
000200723597,2021-05-06,05:18,E,"chaveta do grippe do modelo 521 lado Bempeno durante a troca de modelo  inicio da quebra:03:52 fim da quebra :04:25 manutentoe : Ismael, Diego,Natanael solução: desempeno da chaveta e troca do parafuso",33.0,AJUSTE MECÂNICO DA CHAVETA
000200724106,2021-05-10,00:37,E,"PPD 015  Inicio: 21:50  Problema: Robô 15R02 durante a troca da mesa de gripper modelo 226 para 521 quebrou a chaveta de segurança da mesa.  Solução: Realizado a troca da chaveta de segurança e iniciado o passo.  Termino: 22:50  Resp.: Marlon Elet., Maicon Robot., José Manut.  Tempo total: 1Hrs",60.0,foi trocado a chaveta de segurança e o sensor de segurança e realizado o ajuste na trajetória de depósito na mesa da operação 10
000200724110,2021-05-10,05:48,E,"PPD Robô 15R02 Inicio: 21:50Descrição:Robô 15R02 quebrou a chaveta de segurança durante o deposito da mesa de gripper modelo 226,521 e 551. Mesa giratória realizou o giro e iniciou o ciclo da linha sem realizar a troca da mesa de gripper lado B do modelo 521 para 226. Robô fora do passo. Linha fora do passo ocasionando perca de produção. Fora do passo por conta da troca do motor do eixo 3. quebrando a chaveta na hora do deposito dos 3 modelos.Solução: Reajuste do empeno da chaveta, substituição da chaveta apos a quebra. Realizado a troca da mesa de gripper ladoB em Manual e iniciado o passo da linha. Realizado a troca do motor eixo 3.Resp.: Marlon Soft., Marlon Elet., Evandro Robot., Thiago Soft., Calogero Manut., Filipe Soft., Mailson Robt.Termino: 05:33Total: 5:20PARADAS INDETERMINADAS",13.0,AJUSTE MECANICO DA CHAVETA
000200724552,2021-05-12,23:10,G,suporte de sustentação da caixa da ilha de válvulas partiu,50.0,REALIZADO A SOLDA
1063181,2021-05-13,15:47,E,"Robo 015R02 retirada da mesa fora de posicaoinicio 10:28conclusao 12:28 total 2 horasresponsavel: tetra,alesson,claudemir",120.0,LIMPEZA DAS LENTES DO LASER SCANNER
000200729320,2021-06-15,05:49,I,"PLS: OP.10 - ROBÔ 15R01EWO:INÍCIO: 05:00DESCRIÇÃO: Falha: "" HID - gripper não conectado"" ao partir para guardar o gripper 521 lado A para a troca com o mod.226.FINAL: 05:42SOLUÇÃO:TOTAL 42min.RESPONSÁVEL: Ismael, Evandro RB e Marlon SW",42.0,
000200729253,2021-06-15,05:51,I,"PLS: OP.10 - ROBÔ 15R01EWO:INÍCIO: 04:35DESCRIÇÃO: Falha: "" HID - gripper não conectado""FINAL: 04:52SOLUÇÃO:TOTAL: 17min.RESPONSÁVEL: Evandro RB",17.0,
000200729302,2021-06-15,05:52,I,PLS: OP.10 - ROBÔ 15R01  EWO:  INÍCIO:04:05  DESCRIÇÃO: Falha no GEO_ID_60 não conectado  FINAL: 04:22  SOLUÇÃO:  TOTAL: 17min.  RESPONSÁVEL: Evandro RB,17.0,
1115526,2021-06-21,23:32,G,Linha: FPSID ewo:Hora inicial: 22:29Manutenção Responsável: Leo e maickel Descrição: robô 02r01 fora de interferência com a mesa giratória!Solução: foi colocada a estação no passoHora Final: 22:48Tempo total: 19 min,19.0,
000200730491,2021-06-23,00:34,G,Linha: FPSID ewo:Hora inicial: 23:54Manutenção Responsável: vicente E maiconDescrição: robô 02r01 em interferência com a mesaSolução: foi colocado a linha no passo novamente!Hora Final: 00:18Tempo total: 24min,24.0,"foi verificado que o robô 002R02 estava travado no engage zone com 002R01 que não terminava o deposito na mesa porque o 002R02 tinha antecipado o JOB 2 DOUT 369 foi necessario realizar a correção do engage colocando antes da liberação do JOB 2 garantindo que o robô 002R02 só antecipe após o fora de interferência do 002R01 evitando assim novas falhas.
 OBS: correção feita por MAICOL robotista"
000200731554,2021-06-30,00:14,G,"robô 02R01 em zona de colisão devido a um sinal antecipado da mesa T05  inicio : 22:00	  manutenção  assistência robô tica  Nilson manutenção jeep",30.0,"robô 02R01 em zona de colisão, devido a um oscilação na pressão do ar. Foi verificado que a placa de aluminio que contem o bloco de válvula, estava solto, o que ocasionou na quebra do cabo do fluxostato e colisão na troca de ferramenta. Foi fixado, novamente a placa de aluminio e substituído o fluxostato. Além da organização dos cabos."
000200732771,2021-07-10,08:57,A,"Robô 05r01 erro no controlador o mesmo ao depositar o montante c no buffer estava errando a sequência da peça vindo a entrar em pause, após 20mn Ronaldo e Breno rb liberaram a linha.",20.0,CORRIGIDO CONTADOR DO BUFFER E REMOVIDO O PAUSE DO PROGRAMA
000200733125,2021-07-13,01:44,A,COLISÃO DO ROBÔ 05R01 NO MOMENTO DO DEPOSITO NO BUFFET (551)  INICIO: 00:55:00 TÉRMINO: 01:10:00 TOTAL: 15 MINUTOS  MANUTENTOR: EVANDRO RB.,15.0,REPOSICIONADA AS PEÇAS NO RACK E FEITA A PEGA EM MANUAL COM O ROBÔ
000200733166,2021-07-13,14:06,G,"Robo 002R01 caiu a rede de comunicação inicio: 10:56 final: 11:58 total: 62 min. Responsavel: Ronaldo, Pedro, Wiliam, Jorge",62.0,Susbtituida a tomada XTC1 do Gripper 1_54
000200735198,2021-07-29,04:47,G,"FPS OP.02 002TT01DESCRICAO: Após carregamento manual o scotrino ficou fora de posição, gerando alarme de ausência de presença de peça no robô 002r01, na mesa T01. Tambémfoi visto que o robô 002r01 está depositando o scotrino 521 fora de posição na mesa.Solução: Necessário voltar o robô para home, abriro oscilante e reposicionar o scotrino corretamente. Também foi feito o reajuste no depósito do scotrino.Inicio: 04:15hFinal: 04:40hResponsável: Maicon RB, Marlon SW e Emerson Jeep",25.0,ENVIADO O ROBÔ PARA HOME E CORRIGIDA POSIÇÃO DA PEÇA NA MESA
000200737182,2021-08-12,12:01,D,INICIO DE TURNO OFD PARADA OPERAÇÃO 05ROBO 05R01 AO REALIZAR A PEGA DA OSSATURA M521 O PINO GUIA NÃO ESTA POSICIONADO CORRETAMENTE ASSIM GERANDO FALHA 100% NA PEGA  MODELO: 521   INICIO: 06:00  FINAL: 11:40  RESPONSAVEL; PEDRO/ JEFERSON /CALOGERO / FABIO CRUZ,340.0,"Na passagem de turno foi passado que a calibração do do eixo 6 estava errada, e foi alterado alguns movimentos de aproximação na pega do rack 521.
Ao checarmos vimos que o pino estava com suporte empenado, resolvemos retira-lo e deixar rodando sem este pino de referência. Na primeira peça (penúltima do rack) ele pegou mas depositou a peça fora do pallet, vindo a cair.
Na pega da ultima peça, funcionou normal.
Na pega da primeira peça do próximo rack. Aconteceu uma colisão que quebrou um fusível mecânico, onde a rosca da base mesmo já estava danificada com uma porca M12 soldada no local para fixa-lo.
porca soldada novamente, e H-RACK refeito na primeira peça, ao chegar na ultima peça o aplicativo não queria salvar o movimento, foi preciso reinicia-lo e refazer a pega da primeira e ultima peça novamente, assim liberando a linha para funcionamento em 100% de produtividade,"
000200737908,2021-08-19,09:53,C,ROBO 15R01 O valor 16 do identificador do gripper é incogruente com o indice do FMI {28}  solução: fOI REINICIADO O TP JUNTAMENTE COM O SOFTERISTA.  Responsável: Luquinha/Jerfeson  TOTAL: 55min,55.0,"falha aconteceu dura[nte o acoplamento na mesa de carregamento, foi preciso reiniciar 2x robô, perdendo o passo, tivemos que colocar no passo lentamente."
000200738695,2021-08-26,14:33,D,ROBO 05R01 COLIDIU NO MOMENTO DA PEGA DA OSSATURA 551   INICIO: 11:16  FINAL: 11:53   RESPONSAVEL: PEDRO / JEFFERSON / FABIO HENRIQUE,37.0,"REALIZAR ESPESSURAMENTO, REPASSAR TRAJETÓRIAS DE PEGA (H-RACK) E CONFERIR TODOS OS COMPONENTES MECÂNICOS DO GRIPPER"
1212625,2021-09-01,00:05,A,"Linha: OFS Hora inicial: 23:34Manutenção Responsável: CAROL,NATANAEL Descrição:ROBÔ 05 TEMPO VENCIDO GRIPPER NÃO PRESENTE/TP NÃO ESTA INDO PRA MANUAL Solução: SUBSTITUIÇÃO DO TP / AJUSTE DA PECA NO TUBULARHora Final: 23:50Tempo total: 16min",16.0,Foi substituído o terminal de programação e realizado a operação em manual do robô para pega da peça no tubular e restabelecido o ciclo em automático da linha.
000200740851,2021-09-12,20:31,J,PLCD 85R02Início: 20:00Falha: módulo APC do robô queimado.Solução: troca do módulo.Final: 20:22Total: 20:22,22.0,FOI FEITO A SUBSTITUIÇAO DA MESMA
000200741099,2021-09-15,02:09,E,robo 15r2 com falha de in terferencia com mesa t4 manutentor ismael inicio 01:35 as 01:50,30.0,
000200743345,2021-10-05,06:54,I,Robo 15R01 não foi realizar a troca dosgrippes. horario final 06:52,60.0,
000200744355,2021-10-21,15:07,I,"FALHA NO NÓ DE REDE PROFINET, NA OP015 ( 015G01BMA1),  INICIAL: 14:25 FINAL 15:00 TOTAL 35 MIN",70.0,
000200744780,2021-10-27,02:17,B,OP 60 Robô 60r05 - gripper 01 sequêncianão não está fechada. Umbilical enroscado no cilindro  Início: 01:00:00 Termino: 01:36:00 Total: 36 minutos  Manutentor: Denis -Tales RB - Evandro RB - James RB,72.0,SUBSTIUIÇÃO DA BAZOOKA LEONI E REPOSICIONAMENTO DA PROTEÇÃO DO CILINDRO
1301054,2021-11-04,07:14,C,Falha op:10 robô 15r01 TOOL não bloqueado m598INICIO: 06:15FINAL : 06:50TOTAL: 35MINRESPONSÁVEL: Automisa\GME,70.0,
000200745810,2021-11-09,20:24,B,"hora inicial: 17:00 manutenção responsável: Cleiton automisa, Nilson jeep descrição: quebra do fusível mecânico do robô 60r05 na pega da ossatura 551 na tromel 02, quebra da conexão do sensor. solução: substituição do fusível mecânico, ajustado a posição do robô na condição de pega,substituição dos conector e porta de entrada 04 ( sinal 106) para porta 02 ( sinal 102).",88.0,"robô 60r05 na pega da ossatura 551 na tromel 02, colidiu com a mesa e quebrou o fusível mecânico. O movimento de queda do cilindro danificou a entrada do cartão dos cabos do sensor.
SOLUÇÃO: substituição do fusível mecânico, ajustado a posição do robô na condição de pega,substituição dos conector e porta de entrada 04 ( sinal 106) para porta 02 ( sinal 102)."
000200747150,2021-11-24,05:43,J,PLCD: OP.80EWO:INÍCIO: 05:16DESCRIÇÃO: O valor 8 do identificador do gripper é incongruente com o índice.FINAL: 05:35SOLUÇÃO:TOTAL: 19min.RESPONSÁVEL: Lucas RB,38.0,Foi ajustado manualmente
000200747242,2021-11-24,08:50,B,"Turn set robô 60r05 após saída da mesa t07, apenas o eixo 02 do robô foi preciso fazer a calibração. Após 20mn a linha foi liberada por Ronaldo rb.",40.0,
000200747258,2021-11-25,05:21,D,Robô 05R01 gripper 4 sequência 1 não está presente M598 em seguida o pallet não chegou a posição de carregamento faltando a presença do Pallet sensor SQ16 em seguida o Robô 05R01 perdeu o passo  Início:04:30  Final:05:10  Total:40 minutos  Responsável/ Comau e assistência mecânica/ Brayan,80.0,
000200747376,2021-11-25,15:15,G,"ROBO 002R01 FALHA NO EIXO 1 ARM 1 RELEVALA COLISÃO, GRIPPER 2 (551\598) ESTAVA REALIZANDO A ESPALMATURA DO TAPO 598, QUANDO A MESA 002TT01 FEZ O GIRO OCORREU A COLISÃO.  INICIO: 14:25 FINAL: 14:55 TOTAL: 30 MINUTOS  RESPONSÁVEIS: ASSISTENCIA COMAU E ELMER SW",60.0,
1332826,2021-11-26,13:06,A,"robô 05r01 fez a pega do montante C fora da posição m551 após 
depositar o mesmo no transporte aerio a mesma colidiu no pallet n° 04, 
após 17mn a linha foi liberada por Ellmer sw. OBS' o software estava agarrado na scc que tinha mais prioridade, logo após liberou a ofs.",34.0,
000200747475,2021-11-26,23:26,A,"Linha: OFS OP.05ID ewo:Hora inicial: 17:57Manutenção Responsável: MAICKEL, CAROL, ARLESONDescrição: COLISÃO NO DEPÓSITO DA OSSATURA 521 NO PALETE / EIXO 7 TRAVADO.Eixo 7 ARM 1,frenagem do eixo ,erro de posição demasiadamenteSolução: Substituição do redutor do eixo 7.Hora Final: 20:22Tempo total: 145 minutos.",290.0,"- Foi identificado o travamento do redutor do eixo 7, solicitado a verificação da disponibilidade do material no almoxarifado.
- Feito a desmontagem do redutor,
- Feito a montagem do redutor utilizando o cálcio para ajuste do pinhão com a cremalheira,
- Calibrado a slitta,
- Verificado os movimentos da trajetória em manual ,
- Liberado a linha para produção."
000200747661,2021-11-27,13:28,G,"Robô 002R01 Falha no Eixo 6 ARM 1 relevada colisão, foi visto que bloco de eletroválvulasoltou, veio colidir contra o Revestimento lateral M598 na mesa 002T07 quando estava depositando o tapo M598.Inicio: 07:38Final: 08:18Total: 40 MinutosResponsáveis: Assistencia COMAU, Pedro RB, Fabio Cruz, Willian, Elmer SW, Lucas Falcão e Condutor.",80.0,
000200747658,2021-11-29,14:34,B,erro HW atuante Ronaldo rb 13mn total de linha parada,26.0,
000200747694,2021-11-29,14:38,F,Verificação da unidade de controle parao terminal. 'cabo do TP ko'. total de 33mn atuante Ronaldo rb.,66.0,
000200747695,2021-11-29,14:41,F,VErificação da unidade de controle parao terminal ' Cabo do TP ko'.,0.0,
000200748155,2021-12-06,01:05,C,PPS 15R01Inicio: 20:17Descrição: Tool em flange com Tool stand cheio.Solução: Verificação dos magazines e iniciado o passo do robô.Termino: 20:38Total: 21 minResp.: Lucas Robt.,42.0,
000200748668,2021-12-10,06:21,B,*OFS*  *Descrição:* OP 60 Robô 60r05 -após a substituição do fusível mecânico gerou o FALHA FATAL. EM SEGUIDA IFL    *Início:* 05:29:00  *Final:* 05:58:00  *Responsável:* - Rafael RB - MARLON SW - LÉO SW - Edmilson - Mário Jr,58.0,
000200749214,2021-12-16,05:24,E,"*PPD ROBO 15R02**INICIO:* 4:50*DESCRIÇÃO:* Chaveta de segurança do gripper lado B fora de posição. (Empenada)*SOLUÇÃO:* Ajuste manual da chaveta.*TERMINO:* 5:13*TOTAL:* 23min*RESP:* Evandro Robot., João Manut. e Rafael Elet.",46.0,
000200749159,2021-12-16,05:36,I,Linha: PLCSID ewo:Hora inicial: 01:56Manutenção Responsável: MailsonDescrição robô 15R01 com o gripper não conectado modelo 551 no momento do depósito do gripper.Solução: Não foi realizado a troca do conector do gripper apenas ajustado o cabo do mesmo e iniciado o passo da linha.Hora Final: 02:16Tempo total: 20 minutos,40.0,
000200749421,2021-12-17,08:13,E,Robô 015R02 com falha de <HN_1_54> conectado/ não conectado  Manutenção Responsável: Jefferson Gabriel Hora Inicial: 07:50h Hora Final: 08:08h Tempo Total: 18 min,36.0,
1366994,2021-12-20,23:56,I,Tool não desbloqueadoInicio: 17:13Final:18:40Total: 87 MinutosManutentor: José Gomes,174.0,
000200749682,2021-12-22,09:19,J,"Descrição: ToolLock, gripper não desbloqueado.  Termino: 07:42  Total: 12minutos.  Responsavel: Jefferson.",24.0,
000200750582,2022-01-17,00:39,E,"PPCD ROBÔ 15R01  Inicio: 00:00  Descricao: Durante o depósito na mesa giratória da OP10 o gripper modelo 521 ficou fora de posição impedindo que a chaveta entrasse no sensor para liberação de desbloqueio do ToolChanger.  Solucao: Ajuste manual da chaveta e iniciado o passo da linha.  Termino: 00:13  Resp.: José Elet., Severino Manut. e Ronaldo Robot.  Total: 13 min",26.0,foi densem penada a chaveta
1401048,2022-01-19,00:45,J,ROBÔ 085R02 AGUARDANDO START FALTA CODIGO DE PROGAMAINICIO:23:50 AS 00:10 TOTAL: 20MIN.manutentor: josé gomes e severino,40.0,a falha foi retirada pelo software
000200751522,2022-01-24,04:11,C,"PPS ROBÔ 15R01INÍCIO 23:40DESCRIÇÃO Durante o depósito do gripper modelo 598 na mesa, o mesmo ficou fora de posição empenado a chaveta.SOLUÇÃO Realizado o depósito do Gripper modelo 598 lado B em manual e excluído o mesmo da linha para iniciar o passo. (Linha PPS produzindo o 598 com apenas o Lado A damesa giratória)RESPONSÁVEL José Elet. e Mailson Robot.TÉRMINO 00:15",70.0,Realizado o depósito do Gripper modelo 598 lado B em manual e excluído o mesmo da linha para iniciar o passo. (Linha PPS produzindo o 598 com apenas o Lado A da mesa giratória)
1407407,2022-01-24,04:17,E,"PPS ROBÔ 15R01INÍCIO 01:45DESCRIÇÃO Durante o depósito do gripper modelo 551 lado B na mesa giratória, o mesmo ficou fora de posição, empenando a chaveta.SOLUÇÃO Realizado o Alinhamento da chaveta e a troca do interruptor de segurança do gripper e iniciado o passo da linha.RESPONSÁVEL Marlon Elet. Mailson Robot.TÉRMINO 2:05",40.0,SUBSTITUIÇÃO
000200752531,2022-02-03,00:09,G,"Linha: FPSID ewo:Hora inicial: 23:27Manutenção Responsável:Descrição: Robô 02r01 , gripper não conectado!Solução: recolocada Robô no passo!Hora Final: 23:46Tempo total: 19minutos",38.0,recolocada Robô no passo!
000200755965,2022-03-05,13:41,A,"Robô 005R01 Falha no gripper 1 sequência 2 não está fechada, visto que o cabo leone está impedindo o fechamento do grampo.  INICIO: 08:18 FINAL:08:32 TOTAL: 14 MINUTOS RESPONSAVEIS: CONDUTOR E LUCAS ROBOTICA",28.0,AJUSTE NO CABO LEONI E LIBERADA A LINHA
000200756004,2022-03-05,13:49,B,"Falha no Gripper 2 sequência 5 não estáfechada, Cabo Elone estava impedindo o fechamento do grampo, QUANDO ESTAVA PEGANDO A OSSATURA M598.  INICIO: 10:15 FINAL: 11:05 TOTAL: 50 MINUTOS  RESPONSAVEIS: JEFFERSON ROBOTICA E LUCAS ROBOTICA",100.0,"Grampo do gripper não fecha, por causa do corrugado da bazzoca leoni que ficou presa durante trajetória no modelo 598. Foi realizada melhoria no corrugado com outro corrugado e restabelecido ciclo."
000200756005,2022-03-05,14:36,I,GEO ID NÃO CONECTADO ROBO 015R01 MOD.521 INICIO: 13:05 FINAL 14;15 TOTAL 1H 10 MIN,140.0,"Robô gerou falha de SDM 24v durante acoplagem do gripper no lado B da mesa modelo 521.
Foi retirado cabo multibus e retornado robô para home, após isso, robô gerou falha de profinet, foi reiniciado robô com COLD, e depois SHUTDONW, e a falha se estinguiu, após isso, restabelecido ciclo com robô em home."
000200756229,2022-03-08,23:27,E,ROBO 15R02 NO MOMENTO DE PEGAR DA OSSATURA GERANDO FALHA ANOMALIA CIRCUITOS DE CONTROLE ALIMENTAÇÃO V2SFE  JOSE MANUTENTOR 40MIN,80.0,"a mesa estava fora da posição, o robotista fez o processo em manual"
000200756749,2022-03-14,10:16,E,LINHA:PPD OP:10   Descrição: Falha robo115r02 circuitos internos controle alimentação  TOTAL: 50min  RESPONSAVEL: Jerfesson,100.0,"foi desconectado o cabo de multibus pra que pudesse retirar o curto que acontecia dentro da tomada XTC, falha ocorreu durante a blocagem na pega do gripper no lado B da mesa. 
Após isso TP travou e foi reiniciado o robô que voltou com falha de profinet, após ser reiniciado novamente voltou sem falhas mas fora do passo. 
Retornado robô pra home e restabelecido ciclo juntamente com SW no PLC."
000200757346,2022-03-19,05:55,I,"GRIPPER não conectado no Robô 15R01 (lado B).Inicio:02:33Fim:03:04Manutentor: Mailson, Marlon (PWA), Will, Ismael",62.0,"Ao analisar situação percebemos que ao conectar TOOL CHANGER no gripper o Robô 15R01 gerou falha de GEO ID (gripper não conectado),loog, percebemos um mau contato na conexão do cabo de comunicação entre Robo 15R01 e gripper.  
Foi necessário fazer o reaperto no cabo de conexão, em seguida a comunicação voltou a acontecer."
000200758225,2022-03-30,06:06,I,Gripper não conectado com o Robô 15R01Inicio: 05:09Fim: 05:54Total: 45 minutosManutentor: Leo / Evandro / Ismael / Bhrayam,98.0,"Ao analisar percebemos que o cabo XTC não estava dando sinal de consenso para blocagem e desblocagem TOOL CHANGER. 
Fizemos limpeza das conexões (com limpa contato), porem, falha persistiu. Foi necessário realizar movimento em manual e bypassar lado B da mesa.   


Obs_1.: Essa falha ocorreu inicialmente no 2 Turno e voltou a ocorrer no 3 Turno.
Obs_2.: A chegar na linha a assistência (robotista e softwarista) já estava atuando a mais de 35 minutos.     
 "
000200758319,2022-03-31,05:05,G,"FPS 002  Inicio 03:20  Descrição Robô 02r01 gripper não conectado. Alarme com start automático camuflando Alarme original, 02r02 en trou em engage zone com 02r01. ITP travou, ao reiniciar ITP Estação fora do passo. 5x (Robô 02r04 não partiu, mesa não gira, 02r01 n ão partiu, Robô 02r02 não partiu, mesa não gira)  Solução Verificadas condições do Gripper, volta do 02r02 a home para liberar o 02r 01 do engage, Reiniciado ITP, colocada estação (Robô 02r04 não partiu, mesa não gira, 02r01 não partiu, Robô 02r02 não partiu) Reali zado ciclo de enchimento da estação.  Termino 04:27  Responsáveis Evandro Rb, Vicente, Léo.  Tempo total 67 minutos",134.0,"PASSO 01: 
robô 002R01 gerando constante falha de gripper não conectado seguido de travamento do TP do robô impossibilitando o reset foi necessário reiniciar o robô e colocar a linha no passo em seguida foi gerada a mesma falha do grippar não conectado.
PASSO 02:
realizado inspeção dos cabos profbus e reaperto dos conectores e voltamos toda a estação para o ciclo de enchimento removendo todas as peças já carregada do modelo 551 na estação 002T01, robô 002R04, 002R01 liberando a linha logo em seguida."
000200758662,2022-04-04,02:10,F,OFSDescrição: OP 40Robô 40r01 - peça amassada no momento da pega da mesa 40TT01Solução: foi retirada a mesma e inserida uma 16000 e feito uma MODIFICAÇÃO NA TRAJETÓRIA DO ROBÔ 40R01 10mm no FRAMEInício: 01:09:00Final: 01:36:00Total: 27 minutosResponsável: Mário Jr . - Vicente SW. - Adriano BNS - Ronaldo RB. - Thiago SW,54.0,"foi removido manualmente a peça que estava amassada na mesa da 40TT01 em seguida foi colocado a linha no passo.
E inserido uma peça pelo gaveteiro com a mesma sequencia da peça danificada."
000200758617,2022-04-04,20:24,G,"Linha: FPS  ID ewo:  Hora inicial: 18:59  Manutenção Responsável: myckel, Enzo e Diego  Descrição: gripper não conectado robô 02r01   Solução: Foi desconectada a ferramenta, feita limpeza dos contatos e reconectada a ferramenta. Após a resolução da falha a estação  ficou fora do passo. Foi recolocada no passo.  Hora Final: 19:34  Tempo total: 33min",70.0,"FOI FEITO ODEPOSITO GRIPER NO STAND E VERIFICADO OS CABOS DE COMUNICAÇAO DA ILHA DE VALVULA DO GRIPER, DOS CABOS DE ALIMENTAÇAO E COMUNICAÇAO DA CHABATA DO TOOL CHANGE E DA TOMADA XTC.

FOI FETO UMA LIMPEZA COM LIMPA CONTATO EM AMBAS CONEXOES E LIBERADA A LINHA"
000200758802,2022-04-05,05:14,D,"*OP* 05*DESCRIÇÃO* Robô 05R01 depositou o montante central M598 fora do pallet*INÍCIO* 04:20*FINAL* 04:50*TOTAL* 30 minutos*RESPONSÁ VEL* Evandro RB,Vicente SW,Edmilson,,Jailson",60.0,foi verificado que a peça em questão foi carrega no tubular já amassada sendo necessário remove-la de produção como refugo e reiniciado o ciclo com a mesma sequencia de produção da peça que estava danificada em seguida foi visto que poderia ocorrer o mesmo problema então foi necessário corrigir a pega do robô 005R01 e a linha foi liberada 100% sem recorrência
000200758834,2022-04-05,05:19,A,*OFS**EWO* PROVIDENCIANDO*Descrição:* OP 05Transporte aéreo APC - Robô 05r01 queda da peça (598) no momento do depósito no pallet*So lução:* foi colocado o Robô em home e recolocado os dados da peça na lista (598)*Início:* 03:05:00*Final:* 03:17:00*Total:* 12 minut os*Responsável:* Vicente SW - Evandro RB. - Edmilson,24.0,"foi verificado que o robô derrubou a peça durante deposito no transporte devido a peça esta empenada e com amassado vindo do tubular de carregamento na baia, sendo necessário voltar a sequencia danificada para lista da OP005 liberando a linha após colocar o robô no ciclo inicial."
000200759171,2022-04-08,04:39,C,"Robo 15R01 em falha na abertura do gripper durante a pega da ferramenta no Tool ChangerInicio: 3:58Fim: 4:26Manutentores: Edmilson (Assist. Mec.), Ronaldo (Assist. Robo), leo (Assist. Soft.) e Ismael (Eletr.)",56.0,"Após me informar do ocorrido com Robotista e mecânico da assistência, percebemos que o havia um vazamento na mangueira pneumática do da sequencia 2 e 3 do gripper, logo, foi necessário colocar gripper em posição acessível, substituir mangueira com vazamento e restabelecer ciclo da linha.

Obs.: Quem estava atuando nessa falha foi assistência (Edmilson, Ronaldo, Leo). Cheguei na linha nos últimos 5 minutos antes da conclusão.  "
000200759313,2022-04-09,00:24,G,"02R01 aguardando sinal 383 , robô 02R01 travando a pega do 02R02 , mesa T06 aguardando sinal do 02R01 em em falha de time out .   in ício : 19:25  final :20:19  manutenção : nilson",108.0,"robô 02R01 travando a pega do 02R02 , mesa T06 aguardando sinal do 02R01. Foi dado fim de trabalho na mesa T06 com peças na linha e fez com que a mesma saisse do passo. Foi realizado o zeramento das peças das mesas e dos robôs, para colocá-la no passo."
000200761281,2022-04-29,04:41,I,Robo 15R01 fora do ciclo.Inicio:03:33Fim:03:58Tempo total: 25 min.Manutentor: Thiago/ Leo / Ismael,50.0,"Ao chegar percebemos que o Robo 15R01 não partiu devido incongruência entre as listas, motivado por erro operacional na criação da lista. Com auxilio do robotista foi restabelecido ciclo da linha e corrigido lista PRG no nivel 1,5.

Obs.: Quado chegamos na linha percebemos que o PC de linha estava queimado, logo, foi necessário usar Simatic Field PG. O mesmo não estava com programa Gestione Ordini e supervisório configurado pra linha PLCS, sendo necessário corrigir todas as falhas pelo PLC."
000200765566,2022-06-14,05:46,E,"Durante a troca do modelo 521 para 551, no depósito o gripper empenou e quebrou a chaveta.Início: 04:40Final: 05:05Responsável: Evandro (Assist. Robo), Marlon (Elet.), Ismael	Total: 25 min",50.0,"Foi necessário retirar Robo 15R02 em manual, ajustar posicionamento do interruptor de segurança e restabelecer ciclo da linha.

Obs.: Cheguei na linha as 04:55 (simultaneamente com Assist. Robo e Elétrica), porém a linha já estava parada antes disso (desde as 04:40 hrs). Logo a interveção da manutenção durou aproximadamente entre 04:55 hrs e 05:05 hrs."
000200767831,2022-07-20,21:12,B,"Linha: OFS op.60Hora inicial: 18:01Manutenção Responsável: RONALDO, TALLES, JONAS, FÁBIO, LUIZ.Descrição:ROBO 60R05 GRIPPER 2 NAO CO NECTADO/MÓDULO DE VÁLVULA EM FALHA.Solução: Troca do bloco de válvulaHora Final: 19:20Tempo total: 79 minutos",632.0,roca do bloco de válvula